threshold,accuracy,precision,recall,specificity,f1,fpr,fnr,tp,fp,fn,tn,experiment
0.1,0.5,0.5,1.0,0.0,0.6667,1.0,0.0,2,2,0,0,A
0.15,0.5,0.5,1.0,0.0,0.6667,1.0,0.0,2,2,0,0,A
0.2,0.5,0.5,1.0,0.0,0.6667,1.0,0.0,2,2,0,0,A
0.25,0.5,0.5,1.0,0.0,0.6667,1.0,0.0,2,2,0,0,A
0.3,0.5,0.5,1.0,0.0,0.6667,1.0,0.0,2,2,0,0,A
0.35,0.5,0.5,1.0,0.0,0.6667,1.0,0.0,2,2,0,0,A
0.4,0.25,0.3333,0.5,0.0,0.4,1.0,0.5,1,2,1,0,A
0.45,0.0,0.0,0.0,0.0,0.0,1.0,1.0,0,2,2,0,A
0.5,0.25,0.0,0.0,0.5,0.0,0.5,1.0,0,1,2,1,A
0.55,0.25,0.0,0.0,0.5,0.0,0.5,1.0,0,1,2,1,A
0.6,0.25,0.0,0.0,0.5,0.0,0.5,1.0,0,1,2,1,A
0.65,0.5,0.0,0.0,1.0,0.0,0.0,1.0,0,0,2,2,A
0.7,0.5,0.0,0.0,1.0,0.0,0.0,1.0,0,0,2,2,A
0.75,0.5,0.0,0.0,1.0,0.0,0.0,1.0,0,0,2,2,A
0.8,0.5,0.0,0.0,1.0,0.0,0.0,1.0,0,0,2,2,A
0.85,0.5,0.0,0.0,1.0,0.0,0.0,1.0,0,0,2,2,A
0.9,0.5,0.0,0.0,1.0,0.0,0.0,1.0,0,0,2,2,A
0.1,0.5,0.5,1.0,0.0,0.6667,1.0,0.0,2,2,0,0,C
0.15,0.5,0.5,1.0,0.0,0.6667,1.0,0.0,2,2,0,0,C
0.2,0.5,0.5,1.0,0.0,0.6667,1.0,0.0,2,2,0,0,C
0.25,0.5,0.5,1.0,0.0,0.6667,1.0,0.0,2,2,0,0,C
0.3,0.5,0.5,1.0,0.0,0.6667,1.0,0.0,2,2,0,0,C
0.35,0.75,0.6667,1.0,0.5,0.8,0.5,0.0,2,1,0,1,C
0.4,0.75,1.0,0.5,1.0,0.6667,0.0,0.5,1,0,1,2,C
0.45,0.5,0.0,0.0,1.0,0.0,0.0,1.0,0,0,2,2,C
0.5,0.5,0.0,0.0,1.0,0.0,0.0,1.0,0,0,2,2,C
0.55,0.5,0.0,0.0,1.0,0.0,0.0,1.0,0,0,2,2,C
0.6,0.5,0.0,0.0,1.0,0.0,0.0,1.0,0,0,2,2,C
0.65,0.5,0.0,0.0,1.0,0.0,0.0,1.0,0,0,2,2,C
0.7,0.5,0.0,0.0,1.0,0.0,0.0,1.0,0,0,2,2,C
0.75,0.5,0.0,0.0,1.0,0.0,0.0,1.0,0,0,2,2,C
0.8,0.5,0.0,0.0,1.0,0.0,0.0,1.0,0,0,2,2,C
0.85,0.5,0.0,0.0,1.0,0.0,0.0,1.0,0,0,2,2,C
0.9,0.5,0.0,0.0,1.0,0.0,0.0,1.0,0,0,2,2,C
0.1,0.5,0.5,1.0,0.0,0.6667,1.0,0.0,2,2,0,0,D
0.15,0.5,0.5,1.0,0.0,0.6667,1.0,0.0,2,2,0,0,D
0.2,0.5,0.5,1.0,0.0,0.6667,1.0,0.0,2,2,0,0,D
0.25,0.5,0.5,1.0,0.0,0.6667,1.0,0.0,2,2,0,0,D
0.3,0.5,0.5,1.0,0.0,0.6667,1.0,0.0,2,2,0,0,D
0.35,0.25,0.3333,0.5,0.0,0.4,1.0,0.5,1,2,1,0,D
0.4,0.0,0.0,0.0,0.0,0.0,1.0,1.0,0,2,2,0,D
0.45,0.25,0.0,0.0,0.5,0.0,0.5,1.0,0,1,2,1,D
0.5,0.25,0.0,0.0,0.5,0.0,0.5,1.0,0,1,2,1,D
0.55,0.25,0.0,0.0,0.5,0.0,0.5,1.0,0,1,2,1,D
0.6,0.25,0.0,0.0,0.5,0.0,0.5,1.0,0,1,2,1,D
0.65,0.5,0.0,0.0,1.0,0.0,0.0,1.0,0,0,2,2,D
0.7,0.5,0.0,0.0,1.0,0.0,0.0,1.0,0,0,2,2,D
0.75,0.5,0.0,0.0,1.0,0.0,0.0,1.0,0,0,2,2,D
0.8,0.5,0.0,0.0,1.0,0.0,0.0,1.0,0,0,2,2,D
0.85,0.5,0.0,0.0,1.0,0.0,0.0,1.0,0,0,2,2,D
0.9,0.5,0.0,0.0,1.0,0.0,0.0,1.0,0,0,2,2,D
